top_k,auc,acc
23,0.8421265106743295,0.7565034429992349
25,0.8312940564132069,0.745026778882938
24,0.8389192395550735,0.7522953328232593
15,0.8151822966974356,0.7314460596786534
13,0.8199448382734611,0.7364192807957154
17,0.8349711330096842,0.751657740372354
27,0.8335991602640287,0.7504463147156337
24,0.8389192395550735,0.7522953328232593
19,0.8302502347181859,0.7452180566182096
20,0.8313342068716981,0.748342259627646
