top_k,auc,acc
12,0.5978026574910053,0.5649606299212598
28,0.6202142601347179,0.584251968503937
27,0.6116282144140555,0.5728346456692913
14,0.5950233953298714,0.5641732283464567
27,0.6116282144140555,0.5728346456692913
23,0.6071309983310773,0.5771653543307087
14,0.5950233953298714,0.5641732283464567
23,0.6071309983310773,0.5771653543307087
22,0.6144465774050579,0.5877952755905512
27,0.6116282144140555,0.5728346456692913
