top_k,auc,acc
18,0.6071931280903744,0.5735992402659069
10,0.637225249936839,0.6030389363722697
24,0.6127657270725809,0.5745489078822412
12,0.5961020680694409,0.5593542260208927
28,0.5898834229617065,0.5735992402659069
17,0.5901035839318585,0.5679012345679012
19,0.6023098855884794,0.5641025641025641
24,0.6127657270725809,0.5745489078822412
21,0.6134334283755007,0.5821462488129154
16,0.5940773089832895,0.5707502374169041
