Dataset,Melhor_Janela,Melhor_ROC_AUC,Melhor_Accuracy,Melhor_F1_Score
criptos.csv,1a,0.9669186522255628,0.9301435406698565,0.9197802197802197
moedas.csv,3a,0.5957651991614256,0.5760517799352751,0.5498281786941581
bdrs.csv,6m,0.9457012557740714,0.9036697247706422,0.891832229580574
juros.csv,9m,0.780324074074074,0.7150537634408602,0.6826347305389222
acoes_ibov.csv,6m,0.8885221570733938,0.8367968966472707,0.8283299329641504
commodities.csv,9m,0.9789654939563779,0.9322381930184805,0.9336016096579477
